<?xml version="1.0"?>
<factura>
	<identificadores>
			<fecha>22-03-2014</fecha>
			<numeroFactura>OF-1234</numeroFactura>
			<categoria>salud</categoria>
			<subtotal>10</subtotal>
			<impuesto>12</impuesto>
			<descuento>0</descuento>
			<total>11.2</total>
	</identificadores>

	<proveedor>
		<nombres>JOSE DANIEL</nombres>
		<apellidos>ALARCON FUENTES</apellidos>
		<RUC>1720192523001</RUC>
		<direccion>Las casas 023-15 y el maestro</direccion>
		<ciudad>Quito</ciudad>
	</proveedor>
	
	<cliente>
		<ruc>1720192523</ruc>
		<nombre>PERICO</nombre>
		<apellidos>DE LOS PALOTES</apellidos>
	</cliente>
	
	<detalle>
		<campo id="001">
			<cantidad>2</cantidad>
			<descripcion>teclado usb</descripcion>
			<p_unit>12</p_unit>
			<v_total>24</v_total>
		</campo>
		<campo id="002">
			<cantidad>1</cantidad>
			<descripcion>mouse usb</descripcion>
			<p_unit>2.50</p_unit>
			<v_total>2.50</v_total>
		</campo>
		
	</detalle>
	
	

</factura>